id,user_id,industry_category,alignment_score,total_industry_skills,matched_skills,skill_coverage,matched_skill_ids,missing_skill_ids,calculation_method,skill_count_at_calculation,calculated_at
56,1,Engineering Jobs,0.011568409343715239,81,2,0.024691358024691357,"[""KS122B071LMGXVTT3Z91"", ""KSQPGV2XZO8UMNCC49LK""]","[""KS125PW63CYJ98C5YNLZ"", ""KS7G6NP6R6L1H1SKFTSY"", ""KS121XY6VSGJ3Z6J82FQ"", ""KS1288R68BBGNNYH8119"", ""KS7G3VS6MGJLL0NX5BY6"", ""KS122VL71WF050TPW0V7"", ""KS124W561QMDWM19XK40"", ""KS5W35NSPAIH2CYDJZQA"", ""KS1201477MH4F3DJK1RC"", ""KS7G82H74NBVCV9RJBFJ"", ""KS4407079KYKHGKH5LWZ"", ""KS123JX61WP2Z18Z4CPS"", ""KS123YW69SFNKQRVS85Y"", ""KS126T56VFRNJNKHFDD6"", ""KS7G6J46GFF6BJH38BHN"", ""KS7G88W63NTDRGKQW46L"", ""KS1217R6SMDJ0WQHN6LK"", ""KS1224W5XSXCJBNSLLVX"", ""KS123CR60QBV4DRZJGZN"", ""KS124HN6MTVKLL6QHNRS"", ""KS1258D71GC65F25H9TH"", ""KS123FS6SM7YBY0BS2T7"", ""KS128G96M9GTV4HH0MBS"", ""KS126256R04NWVG6Y5C0"", ""KS1203B66DJG8T72WTJ4"", ""KS7G7K873Z87GNGYHQKB"", ""KS441FR6L2YYQLPZBQRC"", ""KS440ZP6LZ620CDM4Q1F"", ""KS441GF6KQ6M65WY8DJ3"", ""ESA6EF2FD3872374BF62"", ""KS122FM6NS52BCDZ7GWT"", ""KS4415B77WWH2WCSVHCV"", ""KS1255Y65SXCJWZBC26Y"", ""KS128496K64MNPSC2NMV"", ""KS1261W6S12LL9NC21GQ"", ""KS125ZH6Y7P666HPHCNC"", ""KS1264K793QY5Q1BSXNF"", ""KS1264P61XQRRF418G50"", ""KS1232969Z8K8HTWKBF0"", ""ESB031D9E7C9021A807E"", ""KS122NQ6YXFQ2WCWT11F"", ""KS124DX6G31F5M9ZHNGC"", ""ES1060F0041F5C12CD1D"", ""ES80E93EF8629D5C793C"", ""KS125Q164VVZ10LN2FBN"", ""KS120MJ6QP112G3XSMMT"", ""KS123MR6QY26MMZFBVTP"", ""KS125F678LV2KB3Z5XW0"", ""KS124VR68PRNLVLWXYZ1"", ""KS120SQ5W4Q57JMD2Y81"", ""KS121BM6VGMJPK7X7938"", ""KS120LH6DHTBJYVLFKB3"", ""KS123655VLGBXHL0VPDW"", ""KS441K2756CXYXBG990G"", ""KS12837722N0G8QV5ZKH"", ""KS4411K72SMWJT5VB2W3"", ""KS7AASDV6UOE7VFBGF4D"", ""KS1285T645JRKKFWSV0W"", ""KS1269G64FJ1GZKV0GX9"", ""KS126D668BLGSC15GFLS"", ""KS1229V75JRKRC5S980K"", ""KS7G7075XZCWK6F9F51J"", ""KS440BJ6KNCLNVY4Q946"", ""KS120C76T2L99X2YNKS3"", ""KS1282K6QK68NJHMG8V2"", ""KS1217S6P3M284GY3DLN"", ""KS1269J6YQG4J3V5YGGW"", ""KS120SH6ZGPND59NX8J0"", ""KS1217X70KVSP515Q95M"", ""KS123JY6TTBMW9KS9GR4"", ""KS123DP6JFXMPMKNCLG4"", ""KS121XY60R6Z5C3R172K"", ""KS7G2906QTQMHQQSL1L4"", ""KS120XP636CB5432F5TP"", ""KS1267F6MSPN366LX7ST"", ""KS123FR7584C8W3ZKLZG"", ""KS440ZR6SKTCHXMWJZW0"", ""KS4404475JBQ0GSP7CX1"", ""ESF7671FD3FBDF7187A0""]",weighted_proficiency,45,2025-08-15 02:11:01.06487+00
28,1,IT Jobs,0.06553826062043623,237,17,0.07172995780590717,"[""KS1219N6Z3XQ19V0HSKR"", ""KS4401V5WX78L6JX0NW7"", ""KS122QK6TH01FWQ9X8CH"", ""KS121F45VPV8C9W3QFYH"", ""KS122W867PQYM4N75YWR"", ""KS1227V6WBR3BH3SJYSZ"", ""KS4415Q6ZQNW127ZTWRN"", ""KSQPGV2XZO8UMNCC49LK"", ""KS1227D60Q7225FTK55V"", ""KS127296VDYS7ZFWVC46"", ""KS1222C6WKYWRKRXQCR0"", ""KS440QS66YCBN23Y8K25"", ""KS120L96KMYTDJ48NRSH"", ""KS122VW78Q67XR4C3ZDW"", ""KS1208P6ZMZ4N872Y7X5"", ""KS1226Y6DNDT05G7FJ4J"", ""KSDJCA4E89LB98JAZ7LZ""]","[""KS124CH623PFBJS8T5KM"", ""KS440DJ6QFB9RZ4BD61P"", ""KS122PF6FZS3609GDG0V"", ""KS125ZB6BWF5RY40BH1B"", ""KS1245870DTDHKTDC47T"", ""KS7G7K873Z87GNGYHQKB"", ""KS4407079KYKHGKH5LWZ"", ""KS124X55Z4BZ4JXB22XM"", ""ES6A03A6D02FBA0D8CEB"", ""KSM72DQX6NAMAD5W02FF"", ""KS122MK65TBR6RDBZL1P"", ""KSVG28H9TC6YTC1AFDP8"", ""KS123GG6CBGST8FDPNZ8"", ""ESB8A22E9837D763256C"", ""KS126Z96STZD3JX27V02"", ""KS441LY691MT0N689MWR"", ""KS7G20264NW3ZVV10T1S"", ""KS686Y976L1WJ98QFSD4"", ""KS1200B62W5ZF38RJ7TD"", ""KS1284B609S18XT8N058"", ""KS7G3YQ62YJG4LX9QFZT"", ""KS84HIMR36V633XYJN41"", ""ES348D084D8A4B676598"", ""KS1256C6DBYG39V53J4V"", ""KSUDU9T83UZ7CK5THOYD"", ""ESFCB156A8BC41655036"", ""KS1220L60W8P557BJZJS"", ""KS1200578T5QCYT0Z98G"", ""KS122PT6RKPQ5KLM3XYH"", ""KS122P767ZWK429HNC22"", ""KS120B874P2P6BK1MQ0T"", ""KS122026T330GBFBDD8M"", ""KS122W760S3H5X5HNC91"", ""ESFF6FC6EEE083A0AF63"", ""KS7AASDV6UOE7VFBGF4D"", ""KS128866SHL94J005TTG"", ""KS128006L3V0HM2B26N5"", ""KS1241P6PXRCKTDSWHTV"", ""KS440R072CLZFQ3FWGG1"", ""KSBT82B8RGICVTCD0A5O"", ""KS7G0C36YW29VS8KPC05"", ""KSJF3PBD3995K6E0OF1Z"", ""KS7G6NP6R6L1H1SKFTSY"", ""ES9C118326A1D8C98AEC"", ""KS4411P64JQRD1171PY4"", ""KS1275J6Z37CB9HL67TC"", ""KS126ZT6PN6XZSN1982K"", ""KS441TQ74FJX8PPY8TFH"", ""KS120WT70DM8WX59219Z"", ""KS124G672KVY8TRBB4JV"", ""KS128GG6NK6Y2K073W8R"", ""KS4418462TTGKL3CWJHT"", ""KS683TN76T77DQDVBZ1B"", ""KS122185W8CJGW4PSCRQ"", ""KS120D96FHL88PZDKZKH"", ""KS441NV70T1YBCZ3ZY0G"", ""KS441PL6JPXW200W0GRQ"", ""ESFD78E44C463297B830"", ""KS125716TLTGH6SDHJD1"", ""KS124H46Q2PP8YC1WQ06"", ""KS122M265VBKQ5BFJXYS"", ""KS127HW756659Q4NNLDY"", ""KS7G1P76W2FRM88BQFJN"", ""ESE4C6DAB864E4F13841"", ""ES41C5D53D141AF340F9"", ""KS1218Y74WJ6YV4KH0DM"", ""KS7R8G2D52QH187SED9R"", ""KSSJWZXL7CV40W8V1XSG"", ""KS1220K62VQK9KS7ZVWS"", ""KS125QC6C8B0KV5XXJQ5"", ""KSWR4RCZQM7RAQNUFC40"", ""KS440VY6ND0ZPW2DXDSP"", ""ES3394E4839769062BF9"", ""KS123Y170CZM0V5Z3XXB"", ""KS123R86H3SBH3T7B3LQ"", ""KS7LO8P3MXB93R3C9RWL"", ""KS125GN66D98D369ZYYZ"", ""ESA8BCD0C9989DF26B7B"", ""KS4400Y6K40Y0HKVZJDW"", ""KS440B06L35CZZ8SMZJN"", ""KS1219774ZFQ6TY3L9FL"", ""KSY4WFI1S164RQUBSPCC"", ""ESD021359A14AB33A6C2"", ""KSOBCFF0DBRTA8BSDRYV"", ""KS125ZH6Y7P666HPHCNC"", ""KS122WC71YYT5FVJT8WN"", ""KS4402G6S6DZM37VHM3B"", ""KS127HT6PY61NVMR3PWG"", ""KSZX7YZWNR5IDR1I2VMZ"", ""ES377B09FC94503C5689"", ""KS120MD75MPRZ64K246K"", ""ES6D557B9D5BE598FD74"", ""KS440Y66QZ713RJ4FQCH"", ""KS1210269P78D7GH8LWY"", ""ESF586319EAC399E9394"", ""KS1264P61XQRRF418G50"", ""KS121CM5ZYF7WMBS5BS4"", ""KS440W865GC4VRBW6LJP"", ""KS121Y26RYW0BS9CNB86"", ""KS1261Z68KSKR1X31KS3"", ""KS122Z36QK3N5097B5JH"", ""KS123655VLGBXHL0VPDW"", ""ESB92020333F27589A43"", ""KSOJDFKU3P4CQ25VCU4T"", ""KS126YX6GF56X12MPN43"", ""KS127856C7L7RM3PWM3V"", ""KS680KR72KH02C5GM5TY"", ""KS120LK70665WL8LBX8G"", ""KS122NX79W5LSNS07C02"", ""KS6840J6LR0TLQ86LZJC"", ""KS120LK6NV7DJ4TYY3DV"", ""KSFX6JBNDFS27G78LHSA"", ""KS3DYON1ZATQFLOJWAS1"", ""ESC7869CF7378283E0AA"", ""KS122Q371XXPD31ZWMQZ"", ""KS120ZX7019J4V8DHBTM"", ""KSR5V7LNG1DL3C5O790P"", ""KS122FY73SVQX6J22KR1"", ""KSHBAZRKMYYJ8JRE9K4W"", ""KS1219W70LY1GXZDSKW5"", ""KS122NQ6YXFQ2WCWT11F"", ""KS1220H6CP1BQGH9STNK"", ""KS120SQ5W4Q57JMD2Y81"", ""ES4C039C261C048676A2"", ""ESFAC51458ADB50CA541"", ""KS120L876QXYT7MHGR18"", ""KS124RX787SQ1WVD8XF6"", ""ESC1166A9FAE0B23BDCA"", ""KS1254R63857V35DDXPN"", ""KS4415B77WWH2WCSVHCV"", ""ESE00213B4D58BD54EC1"", ""KS440SJ73G5RZYMLVKV7"", ""KS122VF64TY91WWJMWFS"", ""KS122B071LMGXVTT3Z91"", ""KS440Y87796WPP7W46RT"", ""ES2293CD01E12A395E9F"", ""KS122VT6S2JJ5C5D80NF"", ""KS122VL71WF050TPW0V7"", ""KS441LF7187KS0CV4B6Y"", ""KS123GK733XQ5WXKNLSG"", ""KS1200771D9CR9LB4MWW"", ""KS1217S6P3M284GY3DLN"", ""KS1264669X43NJFLT6SN"", ""KSBZ9LW988KC56I219SP"", ""KS1240N6HTXCDTDNX6WD"", ""KS4413J75LBMGR4Z3T63"", ""KS1267F6MSPN366LX7ST"", ""KS749BOMLW8KNWQLS10B"", ""KS122556LMQ829GZCCRV"", ""KS120GV5ZXR64CJLL1J4"", ""KS124HQ6BVGDR51YPPHM"", ""KS441ZY71NJGKL537RVJ"", ""KS120FG6YP8PQYYNQY9B"", ""KS1283R6BBX34S61XLQS"", ""ES1AE014948D7C1AD5AD"", ""KS121W46CJXQ5ZQ506MS"", ""KS1219863VWXPRZL5LG2"", ""KS122W96T2T9J5PZ0VMP"", ""KS441K2756CXYXBG990G"", ""KS122Q960QYMW3YH0YWF"", ""KS122CS6VVDJ1FYVYVLJ"", ""KS122SG5Y0Q5YQM7V8KT"", ""KS120W2749QQKD4JMM68"", ""ESEAD990853AF1B98D21"", ""KS122VV71XNN7Y03XJNN"", ""KS4424T6KPTTQ1NKM0XK"", ""ES43DB1E2DEC412F3A26"", ""KS1283V6XDFZSK6YP0HF"", ""KS120V86MZWV9Z9LKQY3"", ""KS120RM619V18NJXTHV1"", ""KS4429P67QXNQL84KM15"", ""KS1266C6Q3MN12890Y8C"", ""KSC2HWQT5LC546IRB1QS"", ""KS4420H75G906GRK0QJZ"", ""KS123PC6DY2MQV0XP43Q"", ""KS125LN6SZKS6Q9DQSXY"", ""ESB3F99C3446845F41F6"", ""ESC5567F7A6FA12D0DCD"", ""KS125LS6N7WP4S6SFTCK"", ""ES95B6F9FEB492CE923D"", ""ESC80C5E846C65F847EB"", ""KS441ZY6P0PDB5DWTRB8"", ""KS120BV6SR75RBKQH0G3"", ""KS126P15YRYZ4LMQMM3T"", ""KS122PG64BT2BT6X15HF"", ""KS4418P6YKP6QKKJJVLR"", ""KS1238H659P08Z726BK8"", ""KS1254M6FCVHCX0WK020"", ""KS440NM6N05DM8TSV6QZ"", ""KS125025Z8ZHJCJMPF7T"", ""KS120L16S3RLJ82VQ08H"", ""KS121JM6QL5CGM2LSDS9"", ""KS1206R6J3HDQV8PPC87"", ""ES50E1CBF4827F546541"", ""ESA91D8112EB9ECA3570"", ""KS120076FGP5WGWYMP0F"", ""KS1214M5YKZ7F8ZXHCJN"", ""KS441PT5WZ3MYPJWHGK9"", ""KS1285T645JRKKFWSV0W"", ""KS122X96PNS9B3F1BQR9"", ""KS125ND687ZNB659FK3Z"", ""KS121XY6VSGJ3Z6J82FQ"", ""KSRGLA2SD4T20RIP6ORS"", ""ES65621B26F53842D8BE"", ""KS122PM76DCYL9WC89Y7"", ""KS122757240ZK4SJHH6G"", ""KS120Z470N04DCZV5SSD"", ""KS1232D6PH6SBVWWPQWC"", ""KS120X767ZQ3210N2306"", ""KS127RF6W9YSNDBTPR0N"", ""ES69EB9C9A7AAD32CC9A"", ""KSS4ESYM02Z3TZ7ZHMDX"", ""KS1229T6DQMZ34K4W54B"", ""KS120C85ZDRJQ777101W"", ""KS1255Y65SXCJWZBC26Y"", ""KS125F678LV2KB3Z5XW0"", ""KS125KQ5WKM97L66SSQY"", ""ES72D57E1BC4BB22BBB0"", ""KS4424P6G7QVWXC3B756"", ""KS441GF6KQ6M65WY8DJ3""]",weighted_proficiency,26,2025-08-13 15:33:39.628899+00
30,1,Engineering Jobs,0.0035595105672969964,81,1,0.012345679012345678,"[""KSQPGV2XZO8UMNCC49LK""]","[""KS123YW69SFNKQRVS85Y"", ""KS121BM6VGMJPK7X7938"", ""KS125PW63CYJ98C5YNLZ"", ""KS7G7K873Z87GNGYHQKB"", ""KS4407079KYKHGKH5LWZ"", ""KS7G7075XZCWK6F9F51J"", ""KS123FR7584C8W3ZKLZG"", ""KS1269J6YQG4J3V5YGGW"", ""KS7AASDV6UOE7VFBGF4D"", ""KS7G2906QTQMHQQSL1L4"", ""KS7G6NP6R6L1H1SKFTSY"", ""KS7G3VS6MGJLL0NX5BY6"", ""KS4411K72SMWJT5VB2W3"", ""KS7G82H74NBVCV9RJBFJ"", ""ES80E93EF8629D5C793C"", ""KS122FM6NS52BCDZ7GWT"", ""KS126D668BLGSC15GFLS"", ""ESF7671FD3FBDF7187A0"", ""KS123JY6TTBMW9KS9GR4"", ""KS1217X70KVSP515Q95M"", ""KS123DP6JFXMPMKNCLG4"", ""KS125ZH6Y7P666HPHCNC"", ""KS4404475JBQ0GSP7CX1"", ""KS124W561QMDWM19XK40"", ""KS120XP636CB5432F5TP"", ""KS1282K6QK68NJHMG8V2"", ""KS1264P61XQRRF418G50"", ""KS123FS6SM7YBY0BS2T7"", ""KS12837722N0G8QV5ZKH"", ""KS120MJ6QP112G3XSMMT"", ""KS1261W6S12LL9NC21GQ"", ""KS121XY60R6Z5C3R172K"", ""KS120SH6ZGPND59NX8J0"", ""KS123655VLGBXHL0VPDW"", ""KS123JX61WP2Z18Z4CPS"", ""KS1229V75JRKRC5S980K"", ""KS440ZP6LZ620CDM4Q1F"", ""KS1258D71GC65F25H9TH"", ""KS1224W5XSXCJBNSLLVX"", ""KS1232969Z8K8HTWKBF0"", ""KS120C76T2L99X2YNKS3"", ""KS5W35NSPAIH2CYDJZQA"", ""ESA6EF2FD3872374BF62"", ""KS122NQ6YXFQ2WCWT11F"", ""KS124VR68PRNLVLWXYZ1"", ""KS1264K793QY5Q1BSXNF"", ""KS120SQ5W4Q57JMD2Y81"", ""KS125Q164VVZ10LN2FBN"", ""KS4415B77WWH2WCSVHCV"", ""KS124DX6G31F5M9ZHNGC"", ""KS123MR6QY26MMZFBVTP"", ""KS1288R68BBGNNYH8119"", ""KS126256R04NWVG6Y5C0"", ""KS123CR60QBV4DRZJGZN"", ""KS122B071LMGXVTT3Z91"", ""KS128496K64MNPSC2NMV"", ""KS122VL71WF050TPW0V7"", ""KS1217S6P3M284GY3DLN"", ""ESB031D9E7C9021A807E"", ""KS1267F6MSPN366LX7ST"", ""KS1203B66DJG8T72WTJ4"", ""KS440BJ6KNCLNVY4Q946"", ""KS120LH6DHTBJYVLFKB3"", ""KS441K2756CXYXBG990G"", ""KS7G6J46GFF6BJH38BHN"", ""KS128G96M9GTV4HH0MBS"", ""KS440ZR6SKTCHXMWJZW0"", ""KS1217R6SMDJ0WQHN6LK"", ""KS126T56VFRNJNKHFDD6"", ""KS124HN6MTVKLL6QHNRS"", ""KS441FR6L2YYQLPZBQRC"", ""ES1060F0041F5C12CD1D"", ""KS7G88W63NTDRGKQW46L"", ""KS1201477MH4F3DJK1RC"", ""KS1285T645JRKKFWSV0W"", ""KS1269G64FJ1GZKV0GX9"", ""KS121XY6VSGJ3Z6J82FQ"", ""KS1255Y65SXCJWZBC26Y"", ""KS125F678LV2KB3Z5XW0"", ""KS441GF6KQ6M65WY8DJ3""]",weighted_proficiency,26,2025-08-13 15:33:39.628899+00
45,1,Hospitality & Catering Jobs,0,11,0,0,[],"[""KS680KR72KH02C5GM5TY"", ""KS9DR3NESI5Z6N8MMD02"", ""KS121YT721BY2F3M5YDR"", ""ES5776B97B8C9A47143E"", ""KS128FQ6BBT0M5LXV7GH"", ""KS125RV5ZRHFGPJPKD8W"", ""KS122D46PJ09YVSBV9DW"", ""ES7FADB436F6EEE179DE"", ""KS124S079M84GF98VQPB"", ""KS442556W4NL07RQ57Q5"", ""ESAB6ED38CE1A5A0B5A4""]",weighted_proficiency,26,2025-08-13 15:33:39.628899+00
46,1,Property Jobs,0.018823529411764704,14,1,0.07142857142857142,"[""KSQPGV2XZO8UMNCC49LK""]","[""KS123NJ76GJLK91JS75M"", ""KSVWVADR7CMSGAVO2EWJ"", ""KS441HX6SDYW15ZBFJNJ"", ""KS126D668BLGSC15GFLS"", ""KS125BG70ZZ7JGQDBY1V"", ""KS128F36NX97KFMPG7DJ"", ""KS125TY6XNY5YMY7S1NC"", ""KS120PQ728XKTGQRG0LC"", ""KS1216V6BW9W9PWLVHP8"", ""KS128F36CTVSLBRQ6JK0"", ""KS128F265DV4XTBR70H7"", ""KS1225N6LLCB6MVBP02R"", ""ES7A07CF87C516875B23""]",weighted_proficiency,26,2025-08-13 15:33:39.628899+00
47,1,Maintenance Jobs,0,11,0,0,[],"[""KS121YT721BY2F3M5YDR"", ""KS1210G6RSZNSZ3YMDCQ"", ""ESF586319EAC399E9394"", ""KS685826VNRGJGQPT3D2"", ""KS126256R04NWVG6Y5C0"", ""ES76F4F346AF35AE855A"", ""KS441YQ669JFLL45XHQJ"", ""KS126966H39MX8JKF9TX"", ""KS121XY6VSGJ3Z6J82FQ"", ""ES39E5C01E1593CE9E72"", ""KS123NJ76GJLK91JS75M""]",weighted_proficiency,26,2025-08-13 15:33:39.628899+00
49,1,Creative & Design Jobs,0.013913043478260868,20,1,0.05,"[""KSQPGV2XZO8UMNCC49LK""]","[""KS122YX74FWQWFSKPJW0"", ""KS1241J73558D7CNHNTP"", ""KS7G7K873Z87GNGYHQKB"", ""KS441LY691MT0N689MWR"", ""ES5432AD0019D7278E53"", ""ESE4F7DFFFF4E8145229"", ""KS440BS71P103FTSW4HX"", ""KS1238H659P08Z726BK8"", ""KS1282K6QK68NJHMG8V2"", ""KS440PV6FRJ90X0QFNLY"", ""KS1252B6F8GPQ4P4Q1F0"", ""KS120GV5ZXR64CJLL1J4"", ""KS122556LMQ829GZCCRV"", ""KS12161691DMDRWTSBL3"", ""KS123TP78MPJ4JGY1VM9"", ""KS124G672KVY8TRBB4JV"", ""KS441PL6JPXW200W0GRQ"", ""KS124H46Q2PP8YC1WQ06"", ""KS122VP5W9LZ8TRNFJY0""]",weighted_proficiency,26,2025-08-13 15:33:39.628899+00
33,1,Logistics & Warehouse Jobs,0.016,17,1,0.058823529411764705,"[""KSQPGV2XZO8UMNCC49LK""]","[""KS122626T550SLQ7QZ1C"", ""ESA9E8281F23FDE76E3C"", ""KS1282T5YN1KL80XH49V"", ""ESCC9C5BCEDD2157A734"", ""KS128G26N5YXFDRX2ZN2"", ""KS1229T6LN87KTDQX2B6"", ""KS125VQ73QLZ3GF5KF82"", ""KS124LX69Y5H7KBQ15XF"", ""KS4407079KYKHGKH5LWZ"", ""ESA2D0620B36194A09BC"", ""KS125B45YZ8FF6LVXX3G"", ""KS125B569R313XT23LHY"", ""KS1219261TYVPMGX8KVQ"", ""ES72D57E1BC4BB22BBB0"", ""KS7G2FY662ZPN6H4DZND"", ""ESF586319EAC399E9394""]",weighted_proficiency,26,2025-08-13 15:33:39.628899+00
34,1,Accounting & Finance Jobs,0.003345280764635603,84,1,0.011904761904761904,"[""KSQPGV2XZO8UMNCC49LK""]","[""ESFD256D18C013991CF7"", ""KS1263Y72S50275KQTCT"", ""KS7G7K873Z87GNGYHQKB"", ""KS123Y66DNRSJ1QGK9NW"", ""ES44C38C0A5850449C4A"", ""KS1219462WRQNHNTPZ7G"", ""ESB4C707E98B551DE4A2"", ""KS7AASDV6UOE7VFBGF4D"", ""KS1241P6PXRCKTDSWHTV"", ""KS1203W702ND09XHKJR5"", ""KS121056X529461ZF6XW"", ""KS120WT70DM8WX59219Z"", ""KS120WS63LRYQZ1CCMPG"", ""KS1226L74LRWVHV58M4N"", ""KS4418462TTGKL3CWJHT"", ""KS120415VRMKCMYR91NZ"", ""KS121S8631MLDZ9ZBHV7"", ""ES9E070CF7DFD323E9D9"", ""KS441KW6TJLBP185QB8S"", ""KS124S079M84GF98VQPB"", ""KS4402D6FYYMW0JQDWRX"", ""KS1203V5WXB7NG26XSR8"", ""KS123YH6YZ1G0PZVVJW1"", ""KS1203X6ZDCNW2J3RC4X"", ""KS122NY60HCYYDXHQGQN"", ""ESCBCC02FEA99784DCE8"", ""KS440HK72NCTJJWMWRRS"", ""KS128B16WQ7F1T5KVPGS"", ""KS123Y170CZM0V5Z3XXB"", ""KS120HK5XY6JV257QLTX"", ""KS1203W6419RJG2KW4QS"", ""KS122V26MG4RFNJVPZH8"", ""KS120436N14BN10FM7W8"", ""KS128F265DV4XTBR70H7"", ""KS123ZJ5X02D3GL6CNQT"", ""KS1248L77TSY3J2V2XC1"", ""KS9NAFGCLMEHG7LYPXTV"", ""KS4407G738TDFF425V8C"", ""KS7G7VR6YH8GPD094D20"", ""KS1264P61XQRRF418G50"", ""KS1245C6NQ5MJN37VHZF"", ""KS4402D67MDP23KB0JGR"", ""ES1EF4AF228ED8A16B17"", ""KSUFQLJGROWLD4H39874"", ""KS120CF6WLXS5QGSWHR9"", ""KS120W86MGP2XXV2NDCC"", ""ESBCE58A5A761A3E64CE"", ""KS120GV6C72JMSZKMTD7"", ""KS123Y56VDHMZ288XX1W"", ""KS123Y56BJ5RWDQLYD5K"", ""KS123HS61B4WJHXTJKCF"", ""ES11CFFA3E44136859C7"", ""KS121CX75Q8F638ZCJVZ"", ""KS122B071LMGXVTT3Z91"", ""KS1229S5ZT58H8723C96"", ""KS12403769SV21756FDY"", ""KS120GV5ZXR64CJLL1J4"", ""KS121W46CJXQ5ZQ506MS"", ""KS121QD65BVRDLY3394N"", ""KS123HX6YG0PPBXV3922"", ""KS61D1BF7H22K0UZ9C3V"", ""KS123PC6DY2MQV0XP43Q"", ""KS123Y76D7JBC3TT7S7W"", ""KS123YJ6KVWC91BTMB4R"", ""KS120KN74FBCJ41SSCZ4"", ""KS1217R6SMDJ0WQHN6LK"", ""ESFA9982A2A945E439CB"", ""KS120WQ677W47TWMCBB2"", ""KS4417C74STWPWR9TNT1"", ""KS4417B6T81Z90ZV8RVW"", ""KS124HN6MTVKLL6QHNRS"", ""KS441JM6PR848J3HYJDK"", ""KS122LN6CLX3P61KWSP2"", ""ES48DC8725830674E88F"", ""KS12043750BK3KLG30B5"", ""KS7G88W63NTDRGKQW46L"", ""KS128456FPN85WYD0SH8"", ""KS7G4YT72YHJ3BVJ4P56"", ""KS121XY6VSGJ3Z6J82FQ"", ""KS123YH6B5Z6Q799424R"", ""KS123Y170JP7JBSFVBSS"", ""ES72D57E1BC4BB22BBB0"", ""KS441GF6KQ6M65WY8DJ3""]",weighted_proficiency,26,2025-08-13 15:33:39.628899+00
35,1,Social work Jobs,0,20,0,0,[],"[""KS124MM5WPRJBDZQRYGG"", ""KS122J477246NB0NNXZ9"", ""KS4407079KYKHGKH5LWZ"", ""KS124VM6SRCQVPJWHY2N"", ""ESF0141DC2CB2921D70E"", ""KS125RM61JGH8LH28PXG"", ""KS125TR5XQ9RK29QQM5K"", ""KS121F56HCNN8HS317LM"", ""ESDA62349890992ACC1F"", ""ESD2EDF2E51D7C90FD5F"", ""KS1286L671ZQNC3GLM7C"", ""KSWV23J5W4F1T2N7C0NR"", ""KS1235Z78NZ16ZBN53PS"", ""KS122XZ734YB53TMCBZ7"", ""KS125TZ6G4GYLS2F300C"", ""KS120Z470N04DCZV5SSD"", ""KS122WF6X6FN3CJWB9Q5"", ""KS121FC62SMJJD40TYZ4"", ""KS120JC6TCM1CC8CS6BR"", ""KS1242W68Y5QN3S32W3C""]",weighted_proficiency,26,2025-08-13 15:33:39.628899+00
55,1,Customer Services Jobs,0.008205128205128205,36,1,0.027777777777777776,"[""KSQPGV2XZO8UMNCC49LK""]","[""KSEEOWT6RSEOH9A387TR"", ""KS120LB6XV5409BCQ0NF"", ""KS1217R6SMDJ0WQHN6LK"", ""KSNRQ747WOSUJTQGV1O6"", ""KS121BS6QFLZVY39PMHD"", ""KS125F678LV2KB3Z5XW0"", ""KS121JM6QL5CGM2LSDS9"", ""KS123N6726N4C5J0PGW1"", ""KS122LN6CLX3P61KWSP2"", ""KS4400Y6K40Y0HKVZJDW"", ""KS121YM5YHFCQG78PSP4"", ""ES76F4C57A88877D6D64"", ""KS1264669X43NJFLT6SN"", ""KS121056X529461ZF6XW"", ""KS120WT63K4HC6NX7QXV"", ""ES1C53496B6F1ECEDD9A"", ""KS7G39G6G5M749ZW5DP0"", ""KS441K2756CXYXBG990G"", ""KS1205D6BBWBWKN458V2"", ""ESC82E44263D74014E5F"", ""KS441ZD6B2X8GLH30TJJ"", ""KS7G4YT72YHJ3BVJ4P56"", ""KS127887314GMCR1VRR5"", ""KS120SR6WD1FP76Z6GC2"", ""ES48DC8725830674E88F"", ""KS123B25WWFY25Z5S42X"", ""KS123K75YYK8VGH90NCS"", ""KS680KR72KH02C5GM5TY"", ""KS441QM6LTNMGDSQKHLC"", ""KS127Q06HMXMGBX8FY8R"", ""KS440HK6G608DFN9BZWS"", ""KS120C76T2L99X2YNKS3"", ""KS125TY6XNY5YMY7S1NC"", ""KS1289Z6HTNVK1WM0WFY"", ""KS7G5CT61NJMNH0V22KQ""]",weighted_proficiency,45,2025-08-15 02:11:01.06487+00
57,1,Healthcare & Nursing Jobs,0,66,0,0,[],"[""KS124BJ6N4SWN0T9R3PW"", ""ESF44F4A6FCFF59B1133"", ""KS1274Y5Z0PFK7XN155K"", ""KS123TG6NKPSD7LYLDRX"", ""BGS1314DE542C9A6E0CE"", ""KS121VR64BNM0199PPCN"", ""KS127RH6V1W5LJ9B71RJ"", ""KS1208078SN0KY08W3QT"", ""KS124N56JNZM3MCSTFQ9"", ""KS124MY6ZZNJKW5FKSW5"", ""KS1263X6225MBV09SVWW"", ""KS1203Q5Z029L6G5T9SD"", ""ESD4CF4AF48BF82697C8"", ""KS7G5VW6G8TZFR374XR2"", ""KS126B176T0R9RVGBZBS"", ""ES1C7487AD1B6C91C127"", ""KS441966GVNQQMHJ5D1W"", ""KS122LN6CLX3P61KWSP2"", ""ESF0C01F4A5BE2D33EAF"", ""KS120Q17598479S0X274"", ""KS7G8736RPC57X37H7R6"", ""KS127PY6XCQSQ6R44N9K"", ""ES90C5F8977CD563538B"", ""KS121P6604VKWRNMDQS0"", ""KS121F760MT5QS38TK2S"", ""KS122KS617XHZY2VNJVN"", ""KS124MS621WFKKQVTNSS"", ""KSM06U4GA3OOUZMBWLD7"", ""KS124S069469D9W4XDXR"", ""KSZ059AM3XKS33QV3SNH"", ""KS120XK718X7J6J8PDHW"", ""KS125716TLTGH6SDHJD1"", ""KS123PC6DY2MQV0XP43Q"", ""KS7G7K873Z87GNGYHQKB"", ""KS123MP69N3Y3MN5WNQL"", ""KS120PQ728XKTGQRG0LC"", ""KS440GB66PDD4RKP96BF"", ""KS121Z969HJV6236K3Q7"", ""KS124SJ67KB5YN7RVS52"", ""ESB4149C63B4F6081616"", ""KS123HS61B4WJHXTJKCF"", ""KS1273M5Z3GJ0VY4WP6T"", ""KS4407079KYKHGKH5LWZ"", ""KS121ZT69B93MMXHS2N8"", ""KS1270F60DPK430ZBJBG"", ""KS123HX6YG0PPBXV3922"", ""KS123JC6FLH8N43G638X"", ""KS121DP64DR0T0WRW2VB"", ""KS124MM5WPRJBDZQRYGG"", ""KS441846KTJR5L4HHHSP"", ""KS1275064YSFGLBWJ199"", ""KS1280P5WGZJZFBG3HKG"", ""KS123H46X40T2JFS3HNP"", ""KS1263Y78QX1MGZFJ561"", ""KS680KR72KH02C5GM5TY"", ""KSWV23J5W4F1T2N7C0NR"", ""KS440Z26T60HXNGBDLL2"", ""KS12752715S2P1XNBR43"", ""KS685J760VY18H6DQCJY"", ""ESF2C5D269F58AE3BA49"", ""KS1274X67LJPGGMXQL6B"", ""KSFJRPQN2KI79W0X0BU6"", ""KS123XW6P97RPNNMNSVR"", ""KS1252B6F8GPQ4P4Q1F0"", ""KS128H86G1VS67JXY9L4"", ""KS127CR6S5TQJVYMG3HB""]",weighted_proficiency,45,2025-08-15 02:11:01.06487+00
62,1,"PR, Advertising & Marketing Jobs",0.013176470588235293,22,1,0.045454545454545456,"[""KSQPGV2XZO8UMNCC49LK""]","[""ES6978BEA54073B22038"", ""KS1265L61XR6NN08GW7Z"", ""KS1256W6MPKRNM11QMPM"", ""KS1215Z6TK2JY562DFD4"", ""KS1238J5Z67LVF879RRH"", ""KS120SQ5W4Q57JMD2Y81"", ""KS440GJ6ML4G40B67460"", ""KS7G7K873Z87GNGYHQKB"", ""KS122556LMQ829GZCCRV"", ""KS440PW66NNLYJ09D6MC"", ""KS1265N6Q8R9WTY8PB27"", ""KS7G20264NW3ZVV10T1S"", ""KS128F265DV4XTBR70H7"", ""KSK5NNT5S3UFT3WMEUNH"", ""KS122YN6108R0RSDXXRC"", ""KS4404S6YYWRS055SPRQ"", ""KS125RT75ZYS4TCFJ0H8"", ""KS441026K15L0YMC8162"", ""KS122BP5YT02HT9R6Z16"", ""KS440PV6FRJ90X0QFNLY"", ""KS1265M698X7BRS20SWP""]",weighted_proficiency,45,2025-08-15 02:11:01.06487+00
39,1,"Energy, Oil & Gas Jobs",0,19,0,0,[],"[""KS1218H6JY4J8RS4VJ78"", ""KS4407079KYKHGKH5LWZ"", ""KS68722612P0WXWQ5WH0"", ""KS123JS63F64SVP83GYS"", ""KS127X46B0N8TMBNN61S"", ""KS1217R6SMDJ0WQHN6LK"", ""KS441KX6PZXXN7P5MJZ0"", ""ES41A5289CD670CE4660"", ""KS123KV5XCDSJW5YWGYQ"", ""KS124HN6MTVKLL6QHNRS"", ""KS1218Z5ZY0SPNMNSX4H"", ""KS120XD77GTR3W3GXHBF"", ""ES28971CD0635F885BD8"", ""KS122LN6CLX3P61KWSP2"", ""ES48DC8725830674E88F"", ""KS121XY6VSGJ3Z6J82FQ"", ""KS120C7745Q0X2ZSTK31"", ""KS125PW6LDKJY587C1SK"", ""KSZKU2WJ3LJO8J81HAKF""]",weighted_proficiency,26,2025-08-13 15:33:39.628899+00
40,1,HR & Recruitment Jobs,0,13,0,0,[],"[""KS127887314GMCR1VRR5"", ""ES47BA93FC30E2F301DC"", ""KS12752715S2P1XNBR43"", ""KS1219462WRQNHNTPZ7G"", ""KS12403769SV21756FDY"", ""KS128G26N5YXFDRX2ZN2"", ""ES2CC185FC27BC0DF8FE"", ""KS120W2749QQKD4JMM68"", ""KS440SJ73G5RZYMLVKV7"", ""KS122F96DJHT3ZXB8FCZ"", ""KS1217R6SMDJ0WQHN6LK"", ""KS4401D6PYRMFQC4HR62"", ""KS1264P61XQRRF418G50""]",weighted_proficiency,26,2025-08-13 15:33:39.628899+00
37,1,Admin Jobs,0.011510791366906473,25,1,0.04,"[""KSQPGV2XZO8UMNCC49LK""]","[""KS1263Y78QX1MGZFJ561"", ""KS122NY60HCYYDXHQGQN"", ""KS7G7K873Z87GNGYHQKB"", ""KS120C76T2L99X2YNKS3"", ""KS123K75YYK8VGH90NCS"", ""ES5432AD0019D7278E53"", ""ES8B03DAD3B526316ED9"", ""KS124RH6DS37JH65W5D8"", ""KS1220C663NX0Z4Q78P1"", ""KS120XP636CB5432F5TP"", ""ESC82E44263D74014E5F"", ""KS123SG6VP9WYPSX31H5"", ""ES3AA27EF7E702DCBB13"", ""KS7G55M6TRB1N24LW2P5"", ""KS7G88W63NTDRGKQW46L"", ""KS1244K68C6XP7VF1ZCX"", ""KS120Z470N04DCZV5SSD"", ""KS4418462TTGKL3CWJHT"", ""KS680KR72KH02C5GM5TY"", ""KS123N6726N4C5J0PGW1"", ""KS61D1BF7H22K0UZ9C3V"", ""ES42391121D6FF9F1DCE"", ""KS125V7789ZHFZV1LXKK"", ""KS127726HRBBP0F2LTDG""]",weighted_proficiency,26,2025-08-13 15:33:39.628899+00
52,1,Scientific & QA Jobs,0,5,0,0,[],"[""KS122MX6Z22WRCVFXRDP"", ""KS120XK718X7J6J8PDHW"", ""ESF44F4A6FCFF59B1133"", ""KS7G39G6G5M749ZW5DP0"", ""KS121ZT69B93MMXHS2N8""]",weighted_proficiency,26,2025-08-13 15:33:39.628899+00
53,1,Charity & Voluntary Jobs,0,1,0,0,[],"[""KS4407079KYKHGKH5LWZ""]",weighted_proficiency,26,2025-08-13 15:33:39.628899+00
32,1,Teaching Jobs,0,68,0,0,[],"[""KS120H96HW4CCL1XGZXB"", ""ES15857C058C43349E14"", ""ESF707BD3D8541EC62C5"", ""KS126ZL6TXFKBYS81FPF"", ""ES11CD910322E42D479D"", ""KS124VJ71BKMYXC1PP09"", ""KS121986J2SBJ8Z76D73"", ""KS12752715S2P1XNBR43"", ""KS440PX70147DD63BTWM"", ""KS7G7K873Z87GNGYHQKB"", ""KS123PC6DY2MQV0XP43Q"", ""KS4407079KYKHGKH5LWZ"", ""KS123K75YYK8VGH90NCS"", ""KS124B2711V3TJPKZ0KK"", ""ES35D1BBF1CB1331BBA7"", ""KS440Q175XN9R2LCQBTG"", ""ESEC867E0E2604745DFD"", ""KS440286MJV121R7XJY3"", ""KS125SS6Z01PYP99SN5G"", ""KS1243976G466GV63ZBY"", ""KS1239W6QZKL1H0TF1TJ"", ""ES2DF577C8B1BD54B16C"", ""KS441D876MFVCH7NZ7LR"", ""ES1905589EEF16C478AE"", ""KS1220C663NX0Z4Q78P1"", ""ES48623CC9C8E75C1D30"", ""ES5DEE17A0C1424A61FF"", ""KS126W0795QSLZ0QZVW3"", ""KS1248V6CKKYCS05N63L"", ""KS1238Q6Q5K06K7QRKSJ"", ""ES74217E49F5A6B5E14C"", ""KS120LH5W508G8HMY9GG"", ""KS121VX6C6DGGLC6KJKD"", ""KS120N16RKC5T8W8T9Q8"", ""KS7AASDV6UOE7VFBGF4D"", ""KS124Q3726PHM9JNS05D"", ""KS7G2XV5YMK3SDJV2MXJ"", ""KS441715ZHPGBR5KDGH6"", ""KS127TD6X5C909DYQ765"", ""KS124VG6WSJ4SKFZV1T6"", ""KS441826FBB6WHLDBFJK"", ""KS404FNQQ94M2H4QYWRG"", ""KS1203W702ND09XHKJR5"", ""KS121DS6GB09TFN7RLX0"", ""KS441136MW75GNS0NQW9"", ""ES48DC8725830674E88F"", ""KS120XP6CN6P1K86V6DZ"", ""KS7G88W63NTDRGKQW46L"", ""KS12403769SV21756FDY"", ""KS127XK6CTBSY4QZSBWZ"", ""KS440BJ6KNCLNVY4Q946"", ""KS1261W6S12LL9NC21GQ"", ""KS123655VLGBXHL0VPDW"", ""ES54637BE5D96CE605A1"", ""KS121DD6PJVP5J55TD7Q"", ""KS121166ZTSL5011K9Q3"", ""KS126M56784XCNZ5SPCY"", ""KS125TZ6G4GYLS2F300C"", ""KS4413Y6BTT254HZKWTZ"", ""KS123N6726N4C5J0PGW1"", ""KS125S573NW57ZP16HCX"", ""ES83E2A03B5C2C484D88"", ""ES64A2C14FD174A5DDF6"", ""KS121FC62SMJJD40TYZ4"", ""KS1253M6MKZFYJFV62H3"", ""KS120D860H0P77RH6GND"", ""KS1230C5X5T37GZ1NJ2B"", ""KS441GF6KQ6M65WY8DJ3""]",weighted_proficiency,26,2025-08-13 15:33:39.628899+00
60,1,Accounting & Finance Jobs,0.03512544802867384,84,5,0.05952380952380952,"[""KS122B071LMGXVTT3Z91"", ""KS120HK5XY6JV257QLTX"", ""KS124S079M84GF98VQPB"", ""KS1203W702ND09XHKJR5"", ""KSQPGV2XZO8UMNCC49LK""]","[""KS12403769SV21756FDY"", ""KS120CF6WLXS5QGSWHR9"", ""KS1226L74LRWVHV58M4N"", ""KS4417B6T81Z90ZV8RVW"", ""KS121S8631MLDZ9ZBHV7"", ""KS122LN6CLX3P61KWSP2"", ""KS121W46CJXQ5ZQ506MS"", ""KS121XY6VSGJ3Z6J82FQ"", ""KS1203X6ZDCNW2J3RC4X"", ""KS121CX75Q8F638ZCJVZ"", ""ES1EF4AF228ED8A16B17"", ""KS128B16WQ7F1T5KVPGS"", ""KS120WT70DM8WX59219Z"", ""KS120WQ677W47TWMCBB2"", ""KS123YJ6KVWC91BTMB4R"", ""ESB4C707E98B551DE4A2"", ""KS9NAFGCLMEHG7LYPXTV"", ""KS7G4YT72YHJ3BVJ4P56"", ""KS123Y56BJ5RWDQLYD5K"", ""KS1229S5ZT58H8723C96"", ""KS128F265DV4XTBR70H7"", ""KS120GV5ZXR64CJLL1J4"", ""KS4402D67MDP23KB0JGR"", ""KS7G88W63NTDRGKQW46L"", ""KS1217R6SMDJ0WQHN6LK"", ""KS124HN6MTVKLL6QHNRS"", ""KS1248L77TSY3J2V2XC1"", ""KS4402D6FYYMW0JQDWRX"", ""KS120GV6C72JMSZKMTD7"", ""KS7G7K873Z87GNGYHQKB"", ""KS123PC6DY2MQV0XP43Q"", ""KS1219462WRQNHNTPZ7G"", ""KS123YH6YZ1G0PZVVJW1"", ""KS4418462TTGKL3CWJHT"", ""ES9E070CF7DFD323E9D9"", ""KS123HS61B4WJHXTJKCF"", ""KS441GF6KQ6M65WY8DJ3"", ""KS440HK72NCTJJWMWRRS"", ""KS1241P6PXRCKTDSWHTV"", ""KS121QD65BVRDLY3394N"", ""KS1264P61XQRRF418G50"", ""KS1203V5WXB7NG26XSR8"", ""KSUFQLJGROWLD4H39874"", ""KS1245C6NQ5MJN37VHZF"", ""KS120WS63LRYQZ1CCMPG"", ""KS441KW6TJLBP185QB8S"", ""KS123ZJ5X02D3GL6CNQT"", ""KS61D1BF7H22K0UZ9C3V"", ""KS128456FPN85WYD0SH8"", ""KS123Y66DNRSJ1QGK9NW"", ""KS120KN74FBCJ41SSCZ4"", ""KS7AASDV6UOE7VFBGF4D"", ""KS123HX6YG0PPBXV3922"", ""ESFA9982A2A945E439CB"", ""ES48DC8725830674E88F"", ""ES44C38C0A5850449C4A"", ""KS122NY60HCYYDXHQGQN"", ""KS120436N14BN10FM7W8"", ""ES11CFFA3E44136859C7"", ""KS441JM6PR848J3HYJDK"", ""KS4417C74STWPWR9TNT1"", ""KS12043750BK3KLG30B5"", ""KS123Y170JP7JBSFVBSS"", ""KS123YH6B5Z6Q799424R"", ""ES72D57E1BC4BB22BBB0"", ""KS7G7VR6YH8GPD094D20"", ""KS123Y56VDHMZ288XX1W"", ""KS120415VRMKCMYR91NZ"", ""KS120W86MGP2XXV2NDCC"", ""KS121056X529461ZF6XW"", ""KS123Y170CZM0V5Z3XXB"", ""KS1203W6419RJG2KW4QS"", ""ESCBCC02FEA99784DCE8"", ""ESBCE58A5A761A3E64CE"", ""ESFD256D18C013991CF7"", ""KS123Y76D7JBC3TT7S7W"", ""KS4407G738TDFF425V8C"", ""KS122V26MG4RFNJVPZH8"", ""KS1263Y72S50275KQTCT""]",weighted_proficiency,45,2025-08-15 02:11:01.06487+00
67,1,Part time Jobs,0,11,0,0,[],"[""KS1289Z6HTNVK1WM0WFY"", ""KS440FT6W4H6CWYT6Z84"", ""ESE78ADAE3F63E197E13"", ""KS4407079KYKHGKH5LWZ"", ""KS121ZR6Z8DSVQ5YSR1N"", ""KS124S069469D9W4XDXR"", ""KS122B568MKWX1K9STGP"", ""KS441966GVNQQMHJ5D1W"", ""KS121F17945FMQSZZPC6"", ""KS1252B6F8GPQ4P4Q1F0"", ""KS1280P5WGZJZFBG3HKG""]",weighted_proficiency,45,2025-08-15 02:11:01.06487+00
48,1,Travel Jobs,0,1,0,0,[],"[""KS122F377FV66S5LZS9T""]",weighted_proficiency,26,2025-08-13 15:33:39.628899+00
59,1,Logistics & Warehouse Jobs,0.05866666666666666,17,2,0.11764705882352941,"[""KS125B569R313XT23LHY"", ""KSQPGV2XZO8UMNCC49LK""]","[""ESA2D0620B36194A09BC"", ""KS1229T6LN87KTDQX2B6"", ""KS4407079KYKHGKH5LWZ"", ""KS1282T5YN1KL80XH49V"", ""KS125B45YZ8FF6LVXX3G"", ""ES72D57E1BC4BB22BBB0"", ""ESCC9C5BCEDD2157A734"", ""KS124LX69Y5H7KBQ15XF"", ""ESF586319EAC399E9394"", ""KS125VQ73QLZ3GF5KF82"", ""ESA9E8281F23FDE76E3C"", ""KS7G2FY662ZPN6H4DZND"", ""KS122626T550SLQ7QZ1C"", ""KS1219261TYVPMGX8KVQ"", ""KS128G26N5YXFDRX2ZN2""]",weighted_proficiency,45,2025-08-15 02:11:01.06487+00
51,1,Domestic help & Cleaning Jobs,0,11,0,0,[],"[""KS7G5VW6G8TZFR374XR2"", ""KS124N56JNZM3MCSTFQ9"", ""KS128716HL1C1Y0ZS84Q"", ""KS4418Y6TJP4LW1MVGB6"", ""KS12403769SV21756FDY"", ""KS4407079KYKHGKH5LWZ"", ""KS7G6NP6R6L1H1SKFTSY"", ""KS1277R6F29G8D5HXTLZ"", ""KS440GB66PDD4RKP96BF"", ""KS125VQ6QCVMVXM06L0J"", ""KS125Z861SBD5N9ZW3T0""]",weighted_proficiency,26,2025-08-13 15:33:39.628899+00
41,1,Part time Jobs,0,11,0,0,[],"[""KS122B568MKWX1K9STGP"", ""KS441966GVNQQMHJ5D1W"", ""KS4407079KYKHGKH5LWZ"", ""KS1252B6F8GPQ4P4Q1F0"", ""KS121ZR6Z8DSVQ5YSR1N"", ""ESE78ADAE3F63E197E13"", ""KS1280P5WGZJZFBG3HKG"", ""KS124S069469D9W4XDXR"", ""KS121F17945FMQSZZPC6"", ""KS1289Z6HTNVK1WM0WFY"", ""KS440FT6W4H6CWYT6Z84""]",weighted_proficiency,26,2025-08-13 15:33:39.628899+00
42,1,Manufacturing Jobs,0,5,0,0,[],"[""KS9DR3NESI5Z6N8MMD02"", ""KS441VC75P5WHX8QL5SN"", ""KS4407079KYKHGKH5LWZ"", ""KS1264K6H25TN148KW1R"", ""KS1215S739P7QD9MP073""]",weighted_proficiency,26,2025-08-13 15:33:39.628899+00
43,1,Retail Jobs,0,17,0,0,[],"[""KS440235VJ8F2MHQK11R"", ""KSR2M1USRC72GVLLXU6K"", ""KS122LN6CLX3P61KWSP2"", ""ES48DC8725830674E88F"", ""ES84406857CBEEFACE95"", ""KS1241P6PXRCKTDSWHTV"", ""ESF586319EAC399E9394"", ""KS44023635DFP7CYKJ45"", ""KS122FV73MMMYFGYMTTY"", ""KS126DB6T061MHD7RTGQ"", ""ES7FADB436F6EEE179DE"", ""KS125B569R313XT23LHY"", ""KS1219570C4LCP9ND4FH"", ""KS441715ZHPGBR5KDGH6"", ""ES72D57E1BC4BB22BBB0"", ""KS441GF6KQ6M65WY8DJ3"", ""ES95B6F9FEB492CE923D""]",weighted_proficiency,26,2025-08-13 15:33:39.628899+00
44,1,Consultancy Jobs,0,15,0,0,[],"[""KS123YH6YZ1G0PZVVJW1"", ""KS124VF5YCVWCW6NR1Z6"", ""KS1218H6JY4J8RS4VJ78"", ""KS1223569KQ2T7WY6C59"", ""KS120ZX7019J4V8DHBTM"", ""KS120GV5ZXR64CJLL1J4"", ""KS123Y170CZM0V5Z3XXB"", ""KS120W2749QQKD4JMM68"", ""KS4424Z5XFZY3ZHHMV6T"", ""KS124S079M84GF98VQPB"", ""ESE7D8FAA0A3666ABC22"", ""KS126556FNLYCY6YVFN6"", ""KS122B071LMGXVTT3Z91"", ""KS1218Y74WJ6YV4KH0DM"", ""KS681KH79MJLQDPB9T88""]",weighted_proficiency,26,2025-08-13 15:33:39.628899+00
77,1,Domestic help & Cleaning Jobs,0,11,0,0,[],"[""KS1277R6F29G8D5HXTLZ"", ""KS12403769SV21756FDY"", ""KS128716HL1C1Y0ZS84Q"", ""KS4407079KYKHGKH5LWZ"", ""KS124N56JNZM3MCSTFQ9"", ""KS125Z861SBD5N9ZW3T0"", ""KS7G5VW6G8TZFR374XR2"", ""KS4418Y6TJP4LW1MVGB6"", ""KS7G6NP6R6L1H1SKFTSY"", ""KS440GB66PDD4RKP96BF"", ""KS125VQ6QCVMVXM06L0J""]",weighted_proficiency,45,2025-08-15 02:11:01.06487+00
50,1,Legal Jobs,0.016724738675958188,18,1,0.05555555555555555,"[""KSQPGV2XZO8UMNCC49LK""]","[""KS127Q26GWDVG8GDWFWB"", ""KS680KR72KH02C5GM5TY"", ""ES8B03DAD3B526316ED9"", ""KS123N6726N4C5J0PGW1"", ""KS125ZH6Y7P666HPHCNC"", ""KS7G5M465V3C0D652F4N"", ""KS7G55M6TRB1N24LW2P5"", ""KS123TG6QNY4DT6HTVQ0"", ""ES69A7B2F64A26E170F5"", ""KS121F56HCNN8HS317LM"", ""KS127W26FNV26X4DV4DC"", ""KS128F265DV4XTBR70H7"", ""KS1241Q68DTT0G7GMBBR"", ""ES2485681ABF954DB2BA"", ""KS123NK6JJHH5LVPSZ4T"", ""ESC82E44263D74014E5F"", ""KS1242W68Y5QN3S32W3C""]",weighted_proficiency,26,2025-08-13 15:33:39.628899+00
36,1,"PR, Advertising & Marketing Jobs",0.013176470588235293,22,1,0.045454545454545456,"[""KSQPGV2XZO8UMNCC49LK""]","[""KS122BP5YT02HT9R6Z16"", ""KS1265M698X7BRS20SWP"", ""KS7G7K873Z87GNGYHQKB"", ""KS7G20264NW3ZVV10T1S"", ""KS1265L61XR6NN08GW7Z"", ""KS120SQ5W4Q57JMD2Y81"", ""KS440PW66NNLYJ09D6MC"", ""KS440GJ6ML4G40B67460"", ""KS4404S6YYWRS055SPRQ"", ""KS1215Z6TK2JY562DFD4"", ""KS128F265DV4XTBR70H7"", ""KS122YN6108R0RSDXXRC"", ""KS1265N6Q8R9WTY8PB27"", ""ES6978BEA54073B22038"", ""KS440PV6FRJ90X0QFNLY"", ""KS441026K15L0YMC8162"", ""KS122556LMQ829GZCCRV"", ""KS1256W6MPKRNM11QMPM"", ""KSK5NNT5S3UFT3WMEUNH"", ""KS1238J5Z67LVF879RRH"", ""KS125RT75ZYS4TCFJ0H8""]",weighted_proficiency,26,2025-08-13 15:33:39.628899+00
61,1,Social work Jobs,0,20,0,0,[],"[""KS122J477246NB0NNXZ9"", ""KS1286L671ZQNC3GLM7C"", ""KS122WF6X6FN3CJWB9Q5"", ""KS125TZ6G4GYLS2F300C"", ""KS120Z470N04DCZV5SSD"", ""ESDA62349890992ACC1F"", ""KS121FC62SMJJD40TYZ4"", ""KS124VM6SRCQVPJWHY2N"", ""ESF0141DC2CB2921D70E"", ""KS121F56HCNN8HS317LM"", ""KS122XZ734YB53TMCBZ7"", ""KS1235Z78NZ16ZBN53PS"", ""KS4407079KYKHGKH5LWZ"", ""KS120JC6TCM1CC8CS6BR"", ""KS124MM5WPRJBDZQRYGG"", ""KS125TR5XQ9RK29QQM5K"", ""ESD2EDF2E51D7C90FD5F"", ""KSWV23J5W4F1T2N7C0NR"", ""KS1242W68Y5QN3S32W3C"", ""KS125RM61JGH8LH28PXG""]",weighted_proficiency,45,2025-08-15 02:11:01.06487+00
29,1,Customer Services Jobs,0.008205128205128205,36,1,0.027777777777777776,"[""KSQPGV2XZO8UMNCC49LK""]","[""ES76F4C57A88877D6D64"", ""KS120C76T2L99X2YNKS3"", ""KS441QM6LTNMGDSQKHLC"", ""KS123K75YYK8VGH90NCS"", ""KS4400Y6K40Y0HKVZJDW"", ""KS1217R6SMDJ0WQHN6LK"", ""KS127Q06HMXMGBX8FY8R"", ""KS440HK6G608DFN9BZWS"", ""KS125TY6XNY5YMY7S1NC"", ""KS121BS6QFLZVY39PMHD"", ""KS1289Z6HTNVK1WM0WFY"", ""ESC82E44263D74014E5F"", ""KS121JM6QL5CGM2LSDS9"", ""KS122LN6CLX3P61KWSP2"", ""KS1264669X43NJFLT6SN"", ""ES48DC8725830674E88F"", ""KS120LB6XV5409BCQ0NF"", ""KS121056X529461ZF6XW"", ""KS7G4YT72YHJ3BVJ4P56"", ""KS123B25WWFY25Z5S42X"", ""KS7G39G6G5M749ZW5DP0"", ""KS7G5CT61NJMNH0V22KQ"", ""KS1205D6BBWBWKN458V2"", ""KS121YM5YHFCQG78PSP4"", ""KS441K2756CXYXBG990G"", ""KS120SR6WD1FP76Z6GC2"", ""KS680KR72KH02C5GM5TY"", ""KSEEOWT6RSEOH9A387TR"", ""KS127887314GMCR1VRR5"", ""KS123N6726N4C5J0PGW1"", ""KSNRQ747WOSUJTQGV1O6"", ""KS441ZD6B2X8GLH30TJJ"", ""KS125F678LV2KB3Z5XW0"", ""KS120WT63K4HC6NX7QXV"", ""ES1C53496B6F1ECEDD9A""]",weighted_proficiency,26,2025-08-13 15:33:39.628899+00
38,1,Sales Jobs,0,53,0,0,[],"[""KS120W864TGHM7VW9FFW"", ""KS126D668BLGSC15GFLS"", ""ES76F4C57A88877D6D64"", ""KS120TB5XW4YS78D2ZM5"", ""KS128HP65N6N70YV5ZM7"", ""KS120C76T2L99X2YNKS3"", ""KS1260S62G8WLXYXL3GW"", ""KS121XH6RQ88BY891NWJ"", ""KS1265161XH6ZSH9QX65"", ""KS122425VX4CX06CB16H"", ""KS7G20264NW3ZVV10T1S"", ""KS1217R6SMDJ0WQHN6LK"", ""KS4404S6YYWRS055SPRQ"", ""ES84406857CBEEFACE95"", ""KS120887040ZBRPXRMPS"", ""KS1220C663NX0Z4Q78P1"", ""KS120XP636CB5432F5TP"", ""KS128F265DV4XTBR70H7"", ""ES51980193663083AED5"", ""KS122B071LMGXVTT3Z91"", ""KS7AASDV6UOE7VFBGF4D"", ""KS440HN6SC5LYCZWSSJY"", ""KS441715ZHPGBR5KDGH6"", ""KS440ZZ6HJGY92HPTWCV"", ""ESF586319EAC399E9394"", ""KS1264P61XQRRF418G50"", ""KS1212B6QR5SK1LSD4S4"", ""KS1280B68GD79P4WMVYW"", ""KS121JM6QL5CGM2LSDS9"", ""KS1241P6PXRCKTDSWHTV"", ""ESD7FE1E7E11D09375E2"", ""KS441VC75P5WHX8QL5SN"", ""ES48DC8725830674E88F"", ""KS122LN6CLX3P61KWSP2"", ""KS7G6NP6R6L1H1SKFTSY"", ""KS1252B6F8GPQ4P4Q1F0"", ""KS1205D6BBWBWKN458V2"", ""KS120WT70DM8WX59219Z"", ""KS4407L6GDCJ6V5MR7CN"", ""KS1203T6J7F2P3TG6Y6K"", ""ESA07D21A5578570F177"", ""KS120T96R87H3TLGMQMW"", ""KSS30WWC1QZQY5T61CS5"", ""KS440HG69X94JJ0SV77G"", ""KS4407F6YY6SBS730MJ8"", ""KS4407H64CVBMTRQZRCF"", ""KS4415P77KPGWKJ51JMP"", ""KS4407F6LZF0HWKYBHGL"", ""ESED820E6065D9AA8D6F"", ""KS127FL6KB6GQY6VG8FV"", ""KS7G3W265MVPZ7WSRGKL"", ""KS125RT75ZYS4TCFJ0H8"", ""KS441GF6KQ6M65WY8DJ3""]",weighted_proficiency,26,2025-08-13 15:33:39.628899+00
75,1,Creative & Design Jobs,0.013913043478260868,20,1,0.05,"[""KSQPGV2XZO8UMNCC49LK""]","[""ESE4F7DFFFF4E8145229"", ""KS124H46Q2PP8YC1WQ06"", ""KS12161691DMDRWTSBL3"", ""KS122VP5W9LZ8TRNFJY0"", ""KS1238H659P08Z726BK8"", ""KS440BS71P103FTSW4HX"", ""KS7G7K873Z87GNGYHQKB"", ""KS441LY691MT0N689MWR"", ""KS122556LMQ829GZCCRV"", ""KS441PL6JPXW200W0GRQ"", ""ES5432AD0019D7278E53"", ""KS123TP78MPJ4JGY1VM9"", ""KS124G672KVY8TRBB4JV"", ""KS1241J73558D7CNHNTP"", ""KS1282K6QK68NJHMG8V2"", ""KS120GV5ZXR64CJLL1J4"", ""KS1252B6F8GPQ4P4Q1F0"", ""KS122YX74FWQWFSKPJW0"", ""KS440PV6FRJ90X0QFNLY""]",weighted_proficiency,45,2025-08-15 02:11:01.06487+00
79,1,Charity & Voluntary Jobs,0,1,0,0,[],"[""KS4407079KYKHGKH5LWZ""]",weighted_proficiency,45,2025-08-15 02:11:01.06487+00
31,1,Healthcare & Nursing Jobs,0,66,0,0,[],"[""KS124MM5WPRJBDZQRYGG"", ""KS1275064YSFGLBWJ199"", ""KS1263Y78QX1MGZFJ561"", ""KS12752715S2P1XNBR43"", ""KS7G7K873Z87GNGYHQKB"", ""KS123PC6DY2MQV0XP43Q"", ""KS4407079KYKHGKH5LWZ"", ""ESF44F4A6FCFF59B1133"", ""KS123HS61B4WJHXTJKCF"", ""ES1C7487AD1B6C91C127"", ""KS122KS617XHZY2VNJVN"", ""KS440GB66PDD4RKP96BF"", ""KS1273M5Z3GJ0VY4WP6T"", ""KS1274X67LJPGGMXQL6B"", ""KS1208078SN0KY08W3QT"", ""KS127CR6S5TQJVYMG3HB"", ""KS1274Y5Z0PFK7XN155K"", ""KS123JC6FLH8N43G638X"", ""KS440Z26T60HXNGBDLL2"", ""KS121Z969HJV6236K3Q7"", ""KS121VR64BNM0199PPCN"", ""KSZ059AM3XKS33QV3SNH"", ""KS121DP64DR0T0WRW2VB"", ""KS121P6604VKWRNMDQS0"", ""KS120Q17598479S0X274"", ""KS441846KTJR5L4HHHSP"", ""KS1270F60DPK430ZBJBG"", ""KSFJRPQN2KI79W0X0BU6"", ""KS123MP69N3Y3MN5WNQL"", ""KS128H86G1VS67JXY9L4"", ""KS123H46X40T2JFS3HNP"", ""ESD4CF4AF48BF82697C8"", ""KS124BJ6N4SWN0T9R3PW"", ""ESB4149C63B4F6081616"", ""KS127RH6V1W5LJ9B71RJ"", ""KS122LN6CLX3P61KWSP2"", ""KS123TG6NKPSD7LYLDRX"", ""KS441966GVNQQMHJ5D1W"", ""KSM06U4GA3OOUZMBWLD7"", ""KS1203Q5Z029L6G5T9SD"", ""KS7G8736RPC57X37H7R6"", ""KS1252B6F8GPQ4P4Q1F0"", ""KS685J760VY18H6DQCJY"", ""KSWV23J5W4F1T2N7C0NR"", ""KS126B176T0R9RVGBZBS"", ""KS124SJ67KB5YN7RVS52"", ""KS123XW6P97RPNNMNSVR"", ""KS127PY6XCQSQ6R44N9K"", ""ESF0C01F4A5BE2D33EAF"", ""KS1263X6225MBV09SVWW"", ""ESF2C5D269F58AE3BA49"", ""KS7G5VW6G8TZFR374XR2"", ""KS680KR72KH02C5GM5TY"", ""KS124N56JNZM3MCSTFQ9"", ""KS121F760MT5QS38TK2S"", ""KS123HX6YG0PPBXV3922"", ""BGS1314DE542C9A6E0CE"", ""KS120XK718X7J6J8PDHW"", ""KS125716TLTGH6SDHJD1"", ""KS124MS621WFKKQVTNSS"", ""KS120PQ728XKTGQRG0LC"", ""ES90C5F8977CD563538B"", ""KS1280P5WGZJZFBG3HKG"", ""KS124S069469D9W4XDXR"", ""KS121ZT69B93MMXHS2N8"", ""KS124MY6ZZNJKW5FKSW5""]",weighted_proficiency,26,2025-08-13 15:33:39.628899+00
54,1,IT Jobs,0.07004777396587908,237,19,0.08016877637130802,"[""KS440QS66YCBN23Y8K25"", ""KS122B071LMGXVTT3Z91"", ""KS121F45VPV8C9W3QFYH"", ""KS1208P6ZMZ4N872Y7X5"", ""KS7G1P76W2FRM88BQFJN"", ""KS1227D60Q7225FTK55V"", ""KS122QK6TH01FWQ9X8CH"", ""KS4415Q6ZQNW127ZTWRN"", ""KS122VW78Q67XR4C3ZDW"", ""KS120L96KMYTDJ48NRSH"", ""KS127296VDYS7ZFWVC46"", ""KS1227V6WBR3BH3SJYSZ"", ""KS1219N6Z3XQ19V0HSKR"", ""KS1222C6WKYWRKRXQCR0"", ""KS122W867PQYM4N75YWR"", ""KS4401V5WX78L6JX0NW7"", ""KS1226Y6DNDT05G7FJ4J"", ""KSDJCA4E89LB98JAZ7LZ"", ""KSQPGV2XZO8UMNCC49LK""]","[""ES43DB1E2DEC412F3A26"", ""KS127HT6PY61NVMR3PWG"", ""KS125GN66D98D369ZYYZ"", ""ESEAD990853AF1B98D21"", ""KS683TN76T77DQDVBZ1B"", ""KS1229T6DQMZ34K4W54B"", ""KS686Y976L1WJ98QFSD4"", ""KS1219863VWXPRZL5LG2"", ""KS121JM6QL5CGM2LSDS9"", ""KS7G6NP6R6L1H1SKFTSY"", ""KS1200578T5QCYT0Z98G"", ""KS440Y66QZ713RJ4FQCH"", ""KS121XY6VSGJ3Z6J82FQ"", ""KS121W46CJXQ5ZQ506MS"", ""KS4402G6S6DZM37VHM3B"", ""KS122WC71YYT5FVJT8WN"", ""ESC1166A9FAE0B23BDCA"", ""KS122VL71WF050TPW0V7"", ""KS84HIMR36V633XYJN41"", ""KS1264669X43NJFLT6SN"", ""KS126YX6GF56X12MPN43"", ""KS120ZX7019J4V8DHBTM"", ""KS125716TLTGH6SDHJD1"", ""KS441LY691MT0N689MWR"", ""KS122W760S3H5X5HNC91"", ""KS120WT70DM8WX59219Z"", ""KS1214M5YKZ7F8ZXHCJN"", ""KS1220H6CP1BQGH9STNK"", ""KS441ZY6P0PDB5DWTRB8"", ""KS4407079KYKHGKH5LWZ"", ""KS4418P6YKP6QKKJJVLR"", ""KS1254M6FCVHCX0WK020"", ""KS124G672KVY8TRBB4JV"", ""KS120L876QXYT7MHGR18"", ""KS125025Z8ZHJCJMPF7T"", ""KS1219774ZFQ6TY3L9FL"", ""ESC80C5E846C65F847EB"", ""KS1220L60W8P557BJZJS"", ""KS123R86H3SBH3T7B3LQ"", ""KS125ND687ZNB659FK3Z"", ""KS1219W70LY1GXZDSKW5"", ""KS122P767ZWK429HNC22"", ""ES9C118326A1D8C98AEC"", ""KS680KR72KH02C5GM5TY"", ""KS120GV5ZXR64CJLL1J4"", ""KSOJDFKU3P4CQ25VCU4T"", ""KS120FG6YP8PQYYNQY9B"", ""KSFX6JBNDFS27G78LHSA"", ""KS1240N6HTXCDTDNX6WD"", ""KS122PM76DCYL9WC89Y7"", ""KS128006L3V0HM2B26N5"", ""KS440W865GC4VRBW6LJP"", ""KS121Y26RYW0BS9CNB86"", ""ESB3F99C3446845F41F6"", ""KS440VY6ND0ZPW2DXDSP"", ""KS1232D6PH6SBVWWPQWC"", ""KS122CS6VVDJ1FYVYVLJ"", ""ES3394E4839769062BF9"", ""ESFAC51458ADB50CA541"", ""KS4420H75G906GRK0QJZ"", ""ESA91D8112EB9ECA3570"", ""KS440DJ6QFB9RZ4BD61P"", ""KS1275J6Z37CB9HL67TC"", ""KS122757240ZK4SJHH6G"", ""KS121CM5ZYF7WMBS5BS4"", ""KS126P15YRYZ4LMQMM3T"", ""KS1200B62W5ZF38RJ7TD"", ""KSVG28H9TC6YTC1AFDP8"", ""KS440Y87796WPP7W46RT"", ""KS122PF6FZS3609GDG0V"", ""KS1218Y74WJ6YV4KH0DM"", ""KS120MD75MPRZ64K246K"", ""KS122X96PNS9B3F1BQR9"", ""KS7G7K873Z87GNGYHQKB"", ""KS123PC6DY2MQV0XP43Q"", ""KS120X767ZQ3210N2306"", ""KS1256C6DBYG39V53J4V"", ""KS4418462TTGKL3CWJHT"", ""KS125ZB6BWF5RY40BH1B"", ""KS122185W8CJGW4PSCRQ"", ""KS123GK733XQ5WXKNLSG"", ""KS440B06L35CZZ8SMZJN"", ""KS441GF6KQ6M65WY8DJ3"", ""KS7G0C36YW29VS8KPC05"", ""KS1206R6J3HDQV8PPC87"", ""KS4415B77WWH2WCSVHCV"", ""ES4C039C261C048676A2"", ""KS124X55Z4BZ4JXB22XM"", ""ES69EB9C9A7AAD32CC9A"", ""KS122MK65TBR6RDBZL1P"", ""KS1266C6Q3MN12890Y8C"", ""KS1241P6PXRCKTDSWHTV"", ""KS1255Y65SXCJWZBC26Y"", ""KS127856C7L7RM3PWM3V"", ""KS120C85ZDRJQ777101W"", ""KSOBCFF0DBRTA8BSDRYV"", ""KS125ZH6Y7P666HPHCNC"", ""ESC7869CF7378283E0AA"", ""KS1264P61XQRRF418G50"", ""KS1200771D9CR9LB4MWW"", ""KS441NV70T1YBCZ3ZY0G"", ""KS122NX79W5LSNS07C02"", ""ESE00213B4D58BD54EC1"", ""ESFD78E44C463297B830"", ""ESFCB156A8BC41655036"", ""KS120V86MZWV9Z9LKQY3"", ""KS128866SHL94J005TTG"", ""KS122NQ6YXFQ2WCWT11F"", ""KS3DYON1ZATQFLOJWAS1"", ""KSSJWZXL7CV40W8V1XSG"", ""KSRGLA2SD4T20RIP6ORS"", ""KS126Z96STZD3JX27V02"", ""KS1245870DTDHKTDC47T"", ""ESB8A22E9837D763256C"", ""KSZX7YZWNR5IDR1I2VMZ"", ""KS125F678LV2KB3Z5XW0"", ""KS124H46Q2PP8YC1WQ06"", ""KS128GG6NK6Y2K073W8R"", ""KS4424P6G7QVWXC3B756"", ""KS122VT6S2JJ5C5D80NF"", ""KS749BOMLW8KNWQLS10B"", ""KS441ZY71NJGKL537RVJ"", ""KS120SQ5W4Q57JMD2Y81"", ""ESD021359A14AB33A6C2"", ""KS441LF7187KS0CV4B6Y"", ""KS126ZT6PN6XZSN1982K"", ""KSY4WFI1S164RQUBSPCC"", ""KS123655VLGBXHL0VPDW"", ""ES65621B26F53842D8BE"", ""KS127HW756659Q4NNLDY"", ""ESB92020333F27589A43"", ""KSJF3PBD3995K6E0OF1Z"", ""KS441K2756CXYXBG990G"", ""KS1261Z68KSKR1X31KS3"", ""KS7G3YQ62YJG4LX9QFZT"", ""KS441TQ74FJX8PPY8TFH"", ""KS7AASDV6UOE7VFBGF4D"", ""KS1285T645JRKKFWSV0W"", ""KS122Z36QK3N5097B5JH"", ""KS120B874P2P6BK1MQ0T"", ""KS120076FGP5WGWYMP0F"", ""KS4429P67QXNQL84KM15"", ""KS1284B609S18XT8N058"", ""KS122Q960QYMW3YH0YWF"", ""KS122026T330GBFBDD8M"", ""KS7R8G2D52QH187SED9R"", ""KSR5V7LNG1DL3C5O790P"", ""ES41C5D53D141AF340F9"", ""KS125LN6SZKS6Q9DQSXY"", ""KS122W96T2T9J5PZ0VMP"", ""ES6A03A6D02FBA0D8CEB"", ""KSS4ESYM02Z3TZ7ZHMDX"", ""KS441PT5WZ3MYPJWHGK9"", ""KS4424T6KPTTQ1NKM0XK"", ""KS1254R63857V35DDXPN"", ""KS123GG6CBGST8FDPNZ8"", ""KS120BV6SR75RBKQH0G3"", ""KS124CH623PFBJS8T5KM"", ""KS124HQ6BVGDR51YPPHM"", ""KS1217S6P3M284GY3DLN"", ""KS120W2749QQKD4JMM68"", ""ES2293CD01E12A395E9F"", ""KS120LK70665WL8LBX8G"", ""KS122PG64BT2BT6X15HF"", ""KS7LO8P3MXB93R3C9RWL"", ""KS125LS6N7WP4S6SFTCK"", ""ES72D57E1BC4BB22BBB0"", ""KS122M265VBKQ5BFJXYS"", ""ESF586319EAC399E9394"", ""KS4411P64JQRD1171PY4"", ""KS120Z470N04DCZV5SSD"", ""KS4400Y6K40Y0HKVZJDW"", ""KS122PT6RKPQ5KLM3XYH"", ""ES1AE014948D7C1AD5AD"", ""KSBZ9LW988KC56I219SP"", ""KS1238H659P08Z726BK8"", ""KS124RX787SQ1WVD8XF6"", ""ESFF6FC6EEE083A0AF63"", ""KS4413J75LBMGR4Z3T63"", ""KS120L16S3RLJ82VQ08H"", ""KS440SJ73G5RZYMLVKV7"", ""KS120RM619V18NJXTHV1"", ""KS6840J6LR0TLQ86LZJC"", ""KS122556LMQ829GZCCRV"", ""KS441PL6JPXW200W0GRQ"", ""KS122Q371XXPD31ZWMQZ"", ""ES348D084D8A4B676598"", ""KSM72DQX6NAMAD5W02FF"", ""ES95B6F9FEB492CE923D"", ""KS123Y170CZM0V5Z3XXB"", ""KS122VF64TY91WWJMWFS"", ""KSWR4RCZQM7RAQNUFC40"", ""ES377B09FC94503C5689"", ""ESC5567F7A6FA12D0DCD"", ""KS122SG5Y0Q5YQM7V8KT"", ""KS120LK6NV7DJ4TYY3DV"", ""ESE4C6DAB864E4F13841"", ""KS1267F6MSPN366LX7ST"", ""KS122FY73SVQX6J22KR1"", ""KS1220K62VQK9KS7ZVWS"", ""KSC2HWQT5LC546IRB1QS"", ""KS7G20264NW3ZVV10T1S"", ""KS127RF6W9YSNDBTPR0N"", ""KS120D96FHL88PZDKZKH"", ""KS122VV71XNN7Y03XJNN"", ""KS440NM6N05DM8TSV6QZ"", ""KS125KQ5WKM97L66SSQY"", ""KSHBAZRKMYYJ8JRE9K4W"", ""KS440R072CLZFQ3FWGG1"", ""ESA8BCD0C9989DF26B7B"", ""KS1283V6XDFZSK6YP0HF"", ""KSBT82B8RGICVTCD0A5O"", ""ES6D557B9D5BE598FD74"", ""KS1210269P78D7GH8LWY"", ""ES50E1CBF4827F546541"", ""KS1283R6BBX34S61XLQS"", ""KS125QC6C8B0KV5XXJQ5"", ""KSUDU9T83UZ7CK5THOYD""]",weighted_proficiency,45,2025-08-15 02:11:01.06487+00
66,1,HR & Recruitment Jobs,0,13,0,0,[],"[""KS4401D6PYRMFQC4HR62"", ""KS12403769SV21756FDY"", ""KS1217R6SMDJ0WQHN6LK"", ""KS120W2749QQKD4JMM68"", ""KS12752715S2P1XNBR43"", ""KS1264P61XQRRF418G50"", ""KS127887314GMCR1VRR5"", ""KS440SJ73G5RZYMLVKV7"", ""ES2CC185FC27BC0DF8FE"", ""ES47BA93FC30E2F301DC"", ""KS122F96DJHT3ZXB8FCZ"", ""KS1219462WRQNHNTPZ7G"", ""KS128G26N5YXFDRX2ZN2""]",weighted_proficiency,45,2025-08-15 02:11:01.06487+00
68,1,Manufacturing Jobs,0,5,0,0,[],"[""KS9DR3NESI5Z6N8MMD02"", ""KS1215S739P7QD9MP073"", ""KS1264K6H25TN148KW1R"", ""KS4407079KYKHGKH5LWZ"", ""KS441VC75P5WHX8QL5SN""]",weighted_proficiency,45,2025-08-15 02:11:01.06487+00
72,1,Property Jobs,0.018823529411764704,14,1,0.07142857142857142,"[""KSQPGV2XZO8UMNCC49LK""]","[""KS125BG70ZZ7JGQDBY1V"", ""KSVWVADR7CMSGAVO2EWJ"", ""ES7A07CF87C516875B23"", ""KS1216V6BW9W9PWLVHP8"", ""KS128F36CTVSLBRQ6JK0"", ""KS441HX6SDYW15ZBFJNJ"", ""KS123NJ76GJLK91JS75M"", ""KS125TY6XNY5YMY7S1NC"", ""KS1225N6LLCB6MVBP02R"", ""KS128F36NX97KFMPG7DJ"", ""KS120PQ728XKTGQRG0LC"", ""KS128F265DV4XTBR70H7"", ""KS126D668BLGSC15GFLS""]",weighted_proficiency,45,2025-08-15 02:11:01.06487+00
73,1,Maintenance Jobs,0.016666666666666663,11,1,0.09090909090909091,"[""KS121YT721BY2F3M5YDR""]","[""KS1210G6RSZNSZ3YMDCQ"", ""ES76F4F346AF35AE855A"", ""KS126966H39MX8JKF9TX"", ""ES39E5C01E1593CE9E72"", ""KS126256R04NWVG6Y5C0"", ""KS441YQ669JFLL45XHQJ"", ""ESF586319EAC399E9394"", ""KS123NJ76GJLK91JS75M"", ""KS121XY6VSGJ3Z6J82FQ"", ""KS685826VNRGJGQPT3D2""]",weighted_proficiency,45,2025-08-15 02:11:01.06487+00
74,1,Travel Jobs,0,1,0,0,[],"[""KS122F377FV66S5LZS9T""]",weighted_proficiency,45,2025-08-15 02:11:01.06487+00
76,1,Legal Jobs,0.016724738675958188,18,1,0.05555555555555555,"[""KSQPGV2XZO8UMNCC49LK""]","[""KS680KR72KH02C5GM5TY"", ""KS121F56HCNN8HS317LM"", ""ES2485681ABF954DB2BA"", ""KS125ZH6Y7P666HPHCNC"", ""KS127W26FNV26X4DV4DC"", ""ESC82E44263D74014E5F"", ""KS123NK6JJHH5LVPSZ4T"", ""ES69A7B2F64A26E170F5"", ""KS123TG6QNY4DT6HTVQ0"", ""ES8B03DAD3B526316ED9"", ""KS123N6726N4C5J0PGW1"", ""KS1242W68Y5QN3S32W3C"", ""KS128F265DV4XTBR70H7"", ""KS1241Q68DTT0G7GMBBR"", ""KS127Q26GWDVG8GDWFWB"", ""KS7G55M6TRB1N24LW2P5"", ""KS7G5M465V3C0D652F4N""]",weighted_proficiency,45,2025-08-15 02:11:01.06487+00
78,1,Scientific & QA Jobs,0,5,0,0,[],"[""KS7G39G6G5M749ZW5DP0"", ""ESF44F4A6FCFF59B1133"", ""KS121ZT69B93MMXHS2N8"", ""KS122MX6Z22WRCVFXRDP"", ""KS120XK718X7J6J8PDHW""]",weighted_proficiency,45,2025-08-15 02:11:01.06487+00
58,1,Teaching Jobs,0.010212765957446806,68,2,0.029411764705882353,"[""KS1203W702ND09XHKJR5"", ""KS1243976G466GV63ZBY""]","[""KS121VX6C6DGGLC6KJKD"", ""KS7G88W63NTDRGKQW46L"", ""ES11CD910322E42D479D"", ""KS12403769SV21756FDY"", ""ES83E2A03B5C2C484D88"", ""ESEC867E0E2604745DFD"", ""KS124VJ71BKMYXC1PP09"", ""KS121DS6GB09TFN7RLX0"", ""KS121986J2SBJ8Z76D73"", ""KS1230C5X5T37GZ1NJ2B"", ""KS123N6726N4C5J0PGW1"", ""KS1248V6CKKYCS05N63L"", ""KS126ZL6TXFKBYS81FPF"", ""KS125TZ6G4GYLS2F300C"", ""ES48623CC9C8E75C1D30"", ""KS121DD6PJVP5J55TD7Q"", ""KS125S573NW57ZP16HCX"", ""KS1239W6QZKL1H0TF1TJ"", ""KS404FNQQ94M2H4QYWRG"", ""KS124B2711V3TJPKZ0KK"", ""KS440286MJV121R7XJY3"", ""KS440PX70147DD63BTWM"", ""KS121FC62SMJJD40TYZ4"", ""ES64A2C14FD174A5DDF6"", ""KS4413Y6BTT254HZKWTZ"", ""KS123655VLGBXHL0VPDW"", ""KS123PC6DY2MQV0XP43Q"", ""KS120XP6CN6P1K86V6DZ"", ""KS7G7K873Z87GNGYHQKB"", ""KS441826FBB6WHLDBFJK"", ""ES1905589EEF16C478AE"", ""ES5DEE17A0C1424A61FF"", ""KS441D876MFVCH7NZ7LR"", ""KS127XK6CTBSY4QZSBWZ"", ""ESF707BD3D8541EC62C5"", ""KS120H96HW4CCL1XGZXB"", ""KS440Q175XN9R2LCQBTG"", ""ES74217E49F5A6B5E14C"", ""KS124Q3726PHM9JNS05D"", ""KS441GF6KQ6M65WY8DJ3"", ""KS4407079KYKHGKH5LWZ"", ""ES15857C058C43349E14"", ""ES35D1BBF1CB1331BBA7"", ""KS7AASDV6UOE7VFBGF4D"", ""KS1220C663NX0Z4Q78P1"", ""KS1238Q6Q5K06K7QRKSJ"", ""KS7G2XV5YMK3SDJV2MXJ"", ""KS441715ZHPGBR5KDGH6"", ""KS124VG6WSJ4SKFZV1T6"", ""ES48DC8725830674E88F"", ""KS126W0795QSLZ0QZVW3"", ""KS120N16RKC5T8W8T9Q8"", ""ES54637BE5D96CE605A1"", ""KS1261W6S12LL9NC21GQ"", ""KS121166ZTSL5011K9Q3"", ""KS123K75YYK8VGH90NCS"", ""KS125SS6Z01PYP99SN5G"", ""KS127TD6X5C909DYQ765"", ""KS126M56784XCNZ5SPCY"", ""KS12752715S2P1XNBR43"", ""KS440BJ6KNCLNVY4Q946"", ""KS441136MW75GNS0NQW9"", ""ES2DF577C8B1BD54B16C"", ""KS1253M6MKZFYJFV62H3"", ""KS120LH5W508G8HMY9GG"", ""KS120D860H0P77RH6GND""]",weighted_proficiency,45,2025-08-15 02:11:01.06487+00
63,1,Admin Jobs,0.011510791366906473,25,1,0.04,"[""KSQPGV2XZO8UMNCC49LK""]","[""KS7G88W63NTDRGKQW46L"", ""KS123N6726N4C5J0PGW1"", ""KS120Z470N04DCZV5SSD"", ""KS123SG6VP9WYPSX31H5"", ""KS125V7789ZHFZV1LXKK"", ""KS61D1BF7H22K0UZ9C3V"", ""KS127726HRBBP0F2LTDG"", ""ES8B03DAD3B526316ED9"", ""KS124RH6DS37JH65W5D8"", ""KS7G7K873Z87GNGYHQKB"", ""ES5432AD0019D7278E53"", ""KS4418462TTGKL3CWJHT"", ""KS1244K68C6XP7VF1ZCX"", ""ESC82E44263D74014E5F"", ""KS120XP636CB5432F5TP"", ""KS1220C663NX0Z4Q78P1"", ""KS7G55M6TRB1N24LW2P5"", ""KS122NY60HCYYDXHQGQN"", ""KS1263Y78QX1MGZFJ561"", ""KS680KR72KH02C5GM5TY"", ""KS123K75YYK8VGH90NCS"", ""KS120C76T2L99X2YNKS3"", ""ES3AA27EF7E702DCBB13"", ""ES42391121D6FF9F1DCE""]",weighted_proficiency,45,2025-08-15 02:11:01.06487+00
64,1,Sales Jobs,0.0032786885245901635,53,1,0.018867924528301886,"[""KS122B071LMGXVTT3Z91""]","[""ESED820E6065D9AA8D6F"", ""KS4407L6GDCJ6V5MR7CN"", ""KS1217R6SMDJ0WQHN6LK"", ""KS440HN6SC5LYCZWSSJY"", ""KS1212B6QR5SK1LSD4S4"", ""KS120W864TGHM7VW9FFW"", ""KS121JM6QL5CGM2LSDS9"", ""KS122425VX4CX06CB16H"", ""KS7G6NP6R6L1H1SKFTSY"", ""ESD7FE1E7E11D09375E2"", ""ESF586319EAC399E9394"", ""KS128HP65N6N70YV5ZM7"", ""KS122LN6CLX3P61KWSP2"", ""KS120T96R87H3TLGMQMW"", ""KS440ZZ6HJGY92HPTWCV"", ""KS1265161XH6ZSH9QX65"", ""ES76F4C57A88877D6D64"", ""KS121XH6RQ88BY891NWJ"", ""KSS30WWC1QZQY5T61CS5"", ""ESA07D21A5578570F177"", ""ES51980193663083AED5"", ""KS120TB5XW4YS78D2ZM5"", ""KS4407H64CVBMTRQZRCF"", ""KS4407F6YY6SBS730MJ8"", ""KS120887040ZBRPXRMPS"", ""KS120WT70DM8WX59219Z"", ""KS440HG69X94JJ0SV77G"", ""KS4415P77KPGWKJ51JMP"", ""KS1205D6BBWBWKN458V2"", ""KS441GF6KQ6M65WY8DJ3"", ""ES84406857CBEEFACE95"", ""KS120XP636CB5432F5TP"", ""KS7AASDV6UOE7VFBGF4D"", ""KS441VC75P5WHX8QL5SN"", ""KS1220C663NX0Z4Q78P1"", ""KS1241P6PXRCKTDSWHTV"", ""KS7G20264NW3ZVV10T1S"", ""KS441715ZHPGBR5KDGH6"", ""ES48DC8725830674E88F"", ""KS128F265DV4XTBR70H7"", ""KS1203T6J7F2P3TG6Y6K"", ""KS126D668BLGSC15GFLS"", ""KS1260S62G8WLXYXL3GW"", ""KS7G3W265MVPZ7WSRGKL"", ""KS4404S6YYWRS055SPRQ"", ""KS1264P61XQRRF418G50"", ""KS4407F6LZF0HWKYBHGL"", ""KS125RT75ZYS4TCFJ0H8"", ""KS1280B68GD79P4WMVYW"", ""KS120C76T2L99X2YNKS3"", ""KS127FL6KB6GQY6VG8FV"", ""KS1252B6F8GPQ4P4Q1F0""]",weighted_proficiency,45,2025-08-15 02:11:01.06487+00
71,1,Hospitality & Catering Jobs,0.06153846153846153,11,2,0.18181818181818182,"[""KS121YT721BY2F3M5YDR"", ""KS124S079M84GF98VQPB""]","[""KS9DR3NESI5Z6N8MMD02"", ""KS128FQ6BBT0M5LXV7GH"", ""KS680KR72KH02C5GM5TY"", ""KS442556W4NL07RQ57Q5"", ""KS125RV5ZRHFGPJPKD8W"", ""KS122D46PJ09YVSBV9DW"", ""ESAB6ED38CE1A5A0B5A4"", ""ES5776B97B8C9A47143E"", ""ES7FADB436F6EEE179DE""]",weighted_proficiency,45,2025-08-15 02:11:01.06487+00
65,1,"Energy, Oil & Gas Jobs",0,19,0,0,[],"[""KSZKU2WJ3LJO8J81HAKF"", ""ES41A5289CD670CE4660"", ""KS123KV5XCDSJW5YWGYQ"", ""KS1217R6SMDJ0WQHN6LK"", ""KS124HN6MTVKLL6QHNRS"", ""KS125PW6LDKJY587C1SK"", ""KS122LN6CLX3P61KWSP2"", ""KS121XY6VSGJ3Z6J82FQ"", ""KS120XD77GTR3W3GXHBF"", ""KS127X46B0N8TMBNN61S"", ""KS4407079KYKHGKH5LWZ"", ""KS123JS63F64SVP83GYS"", ""KS120C7745Q0X2ZSTK31"", ""ES48DC8725830674E88F"", ""KS1218H6JY4J8RS4VJ78"", ""KS441KX6PZXXN7P5MJZ0"", ""ES28971CD0635F885BD8"", ""KS68722612P0WXWQ5WH0"", ""KS1218Z5ZY0SPNMNSX4H""]",weighted_proficiency,45,2025-08-15 02:11:01.06487+00
69,1,Retail Jobs,0.014035087719298244,17,1,0.058823529411764705,"[""KS125B569R313XT23LHY""]","[""ES95B6F9FEB492CE923D"", ""KSR2M1USRC72GVLLXU6K"", ""KS1219570C4LCP9ND4FH"", ""KS441GF6KQ6M65WY8DJ3"", ""ES84406857CBEEFACE95"", ""KS122FV73MMMYFGYMTTY"", ""KS44023635DFP7CYKJ45"", ""ES72D57E1BC4BB22BBB0"", ""KS1241P6PXRCKTDSWHTV"", ""KS122LN6CLX3P61KWSP2"", ""ESF586319EAC399E9394"", ""KS441715ZHPGBR5KDGH6"", ""KS440235VJ8F2MHQK11R"", ""ES48DC8725830674E88F"", ""KS126DB6T061MHD7RTGQ"", ""ES7FADB436F6EEE179DE""]",weighted_proficiency,45,2025-08-15 02:11:01.06487+00
70,1,Consultancy Jobs,0.05333333333333333,15,2,0.13333333333333333,"[""KS122B071LMGXVTT3Z91"", ""KS124S079M84GF98VQPB""]","[""KS123YH6YZ1G0PZVVJW1"", ""KS1218H6JY4J8RS4VJ78"", ""KS123Y170CZM0V5Z3XXB"", ""KS4424Z5XFZY3ZHHMV6T"", ""ESE7D8FAA0A3666ABC22"", ""KS120GV5ZXR64CJLL1J4"", ""KS120W2749QQKD4JMM68"", ""KS124VF5YCVWCW6NR1Z6"", ""KS1223569KQ2T7WY6C59"", ""KS1218Y74WJ6YV4KH0DM"", ""KS120ZX7019J4V8DHBTM"", ""KS126556FNLYCY6YVFN6"", ""KS681KH79MJLQDPB9T88""]",weighted_proficiency,45,2025-08-15 02:11:01.06487+00
